c_customer_sk,c_customer_id,c_first_name,c_last_name,c_email_address
1,CUST0000000001,Jane,Smith,cust1@email.com
2,CUST0000000002,David,Brown,cust2@email.com
3,CUST0000000003,Emily,Williams,cust3@email.com
4,CUST0000000004,Jane,Rodriguez,cust4@email.com
5,CUST0000000005,Jane,Martinez,cust5@email.com
6,CUST0000000006,Robert,Smith,cust6@email.com
7,CUST0000000007,John,Johnson,cust7@email.com
8,CUST0000000008,Emily,Brown,cust8@email.com
9,CUST0000000009,William,Martinez,cust9@email.com
10,CUST0000000010,John,Rodriguez,cust10@email.com
11,CUST0000000011,Emily,Rodriguez,cust11@email.com
12,CUST0000000012,Robert,Brown,cust12@email.com
13,CUST0000000013,Lisa,Martinez,cust13@email.com
14,CUST0000000014,David,Smith,cust14@email.com
15,CUST0000000015,Michael,Miller,cust15@email.com
16,CUST0000000016,Sarah,Jones,cust16@email.com
17,CUST0000000017,Michael,Brown,cust17@email.com
18,CUST0000000018,Sarah,Johnson,cust18@email.com
19,CUST0000000019,Jane,Miller,cust19@email.com
20,CUST0000000020,Jane,Garcia,cust20@email.com
21,CUST0000000021,Sarah,Martinez,cust21@email.com
22,CUST0000000022,David,Smith,cust22@email.com
23,CUST0000000023,Lisa,Rodriguez,cust23@email.com
24,CUST0000000024,Jane,Miller,cust24@email.com
25,CUST0000000025,Jane,Rodriguez,cust25@email.com
26,CUST0000000026,David,Martinez,cust26@email.com
27,CUST0000000027,Sarah,Martinez,cust27@email.com
28,CUST0000000028,Emily,Johnson,cust28@email.com
29,CUST0000000029,John,Brown,cust29@email.com
30,CUST0000000030,David,Johnson,cust30@email.com
31,CUST0000000031,Emily,Johnson,cust31@email.com
32,CUST0000000032,Robert,Jones,cust32@email.com
33,CUST0000000033,Lisa,Garcia,cust33@email.com
34,CUST0000000034,Michael,Garcia,cust34@email.com
35,CUST0000000035,Sarah,Brown,cust35@email.com
36,CUST0000000036,David,Johnson,cust36@email.com
37,CUST0000000037,Mary,Williams,cust37@email.com
38,CUST0000000038,William,Brown,cust38@email.com
39,CUST0000000039,Michael,Davis,cust39@email.com
40,CUST0000000040,Robert,Jones,cust40@email.com
41,CUST0000000041,William,Brown,cust41@email.com
42,CUST0000000042,Sarah,Smith,cust42@email.com
43,CUST0000000043,Emily,Smith,cust43@email.com
44,CUST0000000044,Sarah,Miller,cust44@email.com
45,CUST0000000045,David,Johnson,cust45@email.com
46,CUST0000000046,Emily,Martinez,cust46@email.com
47,CUST0000000047,Sarah,Brown,cust47@email.com
48,CUST0000000048,Lisa,Miller,cust48@email.com
49,CUST0000000049,Lisa,Williams,cust49@email.com
50,CUST0000000050,David,Williams,cust50@email.com
51,CUST0000000051,Emily,Rodriguez,cust51@email.com
52,CUST0000000052,William,Jones,cust52@email.com
53,CUST0000000053,Mary,Miller,cust53@email.com
54,CUST0000000054,Mary,Miller,cust54@email.com
55,CUST0000000055,Sarah,Brown,cust55@email.com
56,CUST0000000056,Michael,Rodriguez,cust56@email.com
57,CUST0000000057,Lisa,Johnson,cust57@email.com
58,CUST0000000058,John,Johnson,cust58@email.com
59,CUST0000000059,Michael,Williams,cust59@email.com
60,CUST0000000060,Robert,Martinez,cust60@email.com
61,CUST0000000061,Jane,Miller,cust61@email.com
62,CUST0000000062,Robert,Martinez,cust62@email.com
63,CUST0000000063,Lisa,Rodriguez,cust63@email.com
64,CUST0000000064,David,Rodriguez,cust64@email.com
65,CUST0000000065,John,Johnson,cust65@email.com
66,CUST0000000066,William,Jones,cust66@email.com
67,CUST0000000067,Sarah,Johnson,cust67@email.com
68,CUST0000000068,David,Miller,cust68@email.com
69,CUST0000000069,Michael,Davis,cust69@email.com
70,CUST0000000070,John,Jones,cust70@email.com
71,CUST0000000071,William,Williams,cust71@email.com
72,CUST0000000072,William,Johnson,cust72@email.com
73,CUST0000000073,David,Rodriguez,cust73@email.com
74,CUST0000000074,Mary,Brown,cust74@email.com
75,CUST0000000075,Michael,Garcia,cust75@email.com
76,CUST0000000076,Michael,Rodriguez,cust76@email.com
77,CUST0000000077,William,Smith,cust77@email.com
78,CUST0000000078,Mary,Garcia,cust78@email.com
79,CUST0000000079,Lisa,Smith,cust79@email.com
80,CUST0000000080,Jane,Garcia,cust80@email.com
81,CUST0000000081,David,Brown,cust81@email.com
82,CUST0000000082,John,Brown,cust82@email.com
83,CUST0000000083,Mary,Johnson,cust83@email.com
84,CUST0000000084,Jane,Davis,cust84@email.com
85,CUST0000000085,Jane,Rodriguez,cust85@email.com
86,CUST0000000086,Michael,Williams,cust86@email.com
87,CUST0000000087,Lisa,Rodriguez,cust87@email.com
88,CUST0000000088,Michael,Jones,cust88@email.com
89,CUST0000000089,William,Martinez,cust89@email.com
90,CUST0000000090,Robert,Brown,cust90@email.com
91,CUST0000000091,William,Brown,cust91@email.com
92,CUST0000000092,David,Miller,cust92@email.com
93,CUST0000000093,Sarah,Davis,cust93@email.com
94,CUST0000000094,William,Davis,cust94@email.com
95,CUST0000000095,Jane,Brown,cust95@email.com
96,CUST0000000096,Emily,Johnson,cust96@email.com
97,CUST0000000097,Sarah,Smith,cust97@email.com
98,CUST0000000098,Mary,Rodriguez,cust98@email.com
99,CUST0000000099,Emily,Martinez,cust99@email.com
100,CUST0000000100,Emily,Smith,cust100@email.com
101,CUST0000000101,Jane,Smith,cust101@email.com
102,CUST0000000102,Emily,Johnson,cust102@email.com
103,CUST0000000103,John,Garcia,cust103@email.com
104,CUST0000000104,Jane,Rodriguez,cust104@email.com
105,CUST0000000105,Emily,Jones,cust105@email.com
106,CUST0000000106,Lisa,Brown,cust106@email.com
107,CUST0000000107,William,Williams,cust107@email.com
108,CUST0000000108,Mary,Martinez,cust108@email.com
109,CUST0000000109,Lisa,Brown,cust109@email.com
110,CUST0000000110,Lisa,Miller,cust110@email.com
111,CUST0000000111,Emily,Johnson,cust111@email.com
112,CUST0000000112,Jane,Miller,cust112@email.com
113,CUST0000000113,Sarah,Miller,cust113@email.com
114,CUST0000000114,Robert,Davis,cust114@email.com
115,CUST0000000115,John,Johnson,cust115@email.com
116,CUST0000000116,John,Miller,cust116@email.com
117,CUST0000000117,Sarah,Johnson,cust117@email.com
118,CUST0000000118,Emily,Brown,cust118@email.com
119,CUST0000000119,Emily,Rodriguez,cust119@email.com
120,CUST0000000120,Lisa,Williams,cust120@email.com
121,CUST0000000121,Robert,Williams,cust121@email.com
122,CUST0000000122,David,Davis,cust122@email.com
123,CUST0000000123,Emily,Johnson,cust123@email.com
124,CUST0000000124,Lisa,Rodriguez,cust124@email.com
125,CUST0000000125,Jane,Smith,cust125@email.com
126,CUST0000000126,William,Smith,cust126@email.com
127,CUST0000000127,Jane,Brown,cust127@email.com
128,CUST0000000128,Michael,Miller,cust128@email.com
129,CUST0000000129,Lisa,Davis,cust129@email.com
130,CUST0000000130,Emily,Miller,cust130@email.com
131,CUST0000000131,John,Williams,cust131@email.com
132,CUST0000000132,Robert,Smith,cust132@email.com
133,CUST0000000133,Robert,Jones,cust133@email.com
134,CUST0000000134,Lisa,Jones,cust134@email.com
135,CUST0000000135,Robert,Rodriguez,cust135@email.com
136,CUST0000000136,Lisa,Williams,cust136@email.com
137,CUST0000000137,Emily,Jones,cust137@email.com
138,CUST0000000138,Emily,Smith,cust138@email.com
139,CUST0000000139,Mary,Rodriguez,cust139@email.com
140,CUST0000000140,John,Garcia,cust140@email.com
141,CUST0000000141,John,Smith,cust141@email.com
142,CUST0000000142,Mary,Davis,cust142@email.com
143,CUST0000000143,William,Rodriguez,cust143@email.com
144,CUST0000000144,Michael,Smith,cust144@email.com
145,CUST0000000145,William,Johnson,cust145@email.com
146,CUST0000000146,Michael,Johnson,cust146@email.com
147,CUST0000000147,Mary,Johnson,cust147@email.com
148,CUST0000000148,Emily,Miller,cust148@email.com
149,CUST0000000149,Jane,Martinez,cust149@email.com
150,CUST0000000150,Emily,Martinez,cust150@email.com
151,CUST0000000151,Mary,Smith,cust151@email.com
152,CUST0000000152,Mary,Johnson,cust152@email.com
153,CUST0000000153,Robert,Martinez,cust153@email.com
154,CUST0000000154,Mary,Rodriguez,cust154@email.com
155,CUST0000000155,Sarah,Jones,cust155@email.com
156,CUST0000000156,Emily,Garcia,cust156@email.com
157,CUST0000000157,Emily,Jones,cust157@email.com
158,CUST0000000158,Robert,Williams,cust158@email.com
159,CUST0000000159,David,Davis,cust159@email.com
160,CUST0000000160,Sarah,Johnson,cust160@email.com
161,CUST0000000161,John,Davis,cust161@email.com
162,CUST0000000162,Mary,Martinez,cust162@email.com
163,CUST0000000163,Jane,Johnson,cust163@email.com
164,CUST0000000164,William,Brown,cust164@email.com
165,CUST0000000165,William,Jones,cust165@email.com
166,CUST0000000166,Michael,Garcia,cust166@email.com
167,CUST0000000167,Jane,Brown,cust167@email.com
168,CUST0000000168,Sarah,Jones,cust168@email.com
169,CUST0000000169,Michael,Davis,cust169@email.com
170,CUST0000000170,William,Jones,cust170@email.com
171,CUST0000000171,Mary,Rodriguez,cust171@email.com
172,CUST0000000172,John,Rodriguez,cust172@email.com
173,CUST0000000173,David,Johnson,cust173@email.com
174,CUST0000000174,Michael,Jones,cust174@email.com
175,CUST0000000175,Jane,Johnson,cust175@email.com
176,CUST0000000176,William,Williams,cust176@email.com
177,CUST0000000177,David,Jones,cust177@email.com
178,CUST0000000178,Mary,Brown,cust178@email.com
179,CUST0000000179,Sarah,Brown,cust179@email.com
180,CUST0000000180,David,Rodriguez,cust180@email.com
181,CUST0000000181,Lisa,Jones,cust181@email.com
182,CUST0000000182,John,Johnson,cust182@email.com
183,CUST0000000183,Robert,Jones,cust183@email.com
184,CUST0000000184,John,Smith,cust184@email.com
185,CUST0000000185,Sarah,Williams,cust185@email.com
186,CUST0000000186,David,Williams,cust186@email.com
187,CUST0000000187,Lisa,Rodriguez,cust187@email.com
188,CUST0000000188,Robert,Rodriguez,cust188@email.com
189,CUST0000000189,John,Johnson,cust189@email.com
190,CUST0000000190,Jane,Williams,cust190@email.com
191,CUST0000000191,William,Smith,cust191@email.com
192,CUST0000000192,Sarah,Martinez,cust192@email.com
193,CUST0000000193,William,Williams,cust193@email.com
194,CUST0000000194,Robert,Williams,cust194@email.com
195,CUST0000000195,John,Jones,cust195@email.com
196,CUST0000000196,Sarah,Smith,cust196@email.com
197,CUST0000000197,Sarah,Brown,cust197@email.com
198,CUST0000000198,Emily,Johnson,cust198@email.com
199,CUST0000000199,Sarah,Rodriguez,cust199@email.com
200,CUST0000000200,Robert,Martinez,cust200@email.com
201,CUST0000000201,Michael,Brown,cust201@email.com
202,CUST0000000202,Michael,Williams,cust202@email.com
203,CUST0000000203,Robert,Smith,cust203@email.com
204,CUST0000000204,Michael,Garcia,cust204@email.com
205,CUST0000000205,Robert,Brown,cust205@email.com
206,CUST0000000206,David,Williams,cust206@email.com
207,CUST0000000207,Jane,Miller,cust207@email.com
208,CUST0000000208,John,Davis,cust208@email.com
209,CUST0000000209,Emily,Brown,cust209@email.com
210,CUST0000000210,Lisa,Garcia,cust210@email.com
211,CUST0000000211,David,Brown,cust211@email.com
212,CUST0000000212,Emily,Smith,cust212@email.com
213,CUST0000000213,Emily,Miller,cust213@email.com
214,CUST0000000214,Sarah,Jones,cust214@email.com
215,CUST0000000215,Jane,Jones,cust215@email.com
216,CUST0000000216,Sarah,Rodriguez,cust216@email.com
217,CUST0000000217,Robert,Rodriguez,cust217@email.com
218,CUST0000000218,Sarah,Smith,cust218@email.com
219,CUST0000000219,Jane,Jones,cust219@email.com
220,CUST0000000220,Michael,Martinez,cust220@email.com
221,CUST0000000221,David,Smith,cust221@email.com
222,CUST0000000222,Jane,Martinez,cust222@email.com
223,CUST0000000223,Robert,Garcia,cust223@email.com
224,CUST0000000224,Sarah,Miller,cust224@email.com
225,CUST0000000225,Mary,Rodriguez,cust225@email.com
226,CUST0000000226,Jane,Miller,cust226@email.com
227,CUST0000000227,Mary,Brown,cust227@email.com
228,CUST0000000228,David,Smith,cust228@email.com
229,CUST0000000229,Robert,Smith,cust229@email.com
230,CUST0000000230,William,Rodriguez,cust230@email.com
231,CUST0000000231,Emily,Garcia,cust231@email.com
232,CUST0000000232,Robert,Johnson,cust232@email.com
233,CUST0000000233,Sarah,Martinez,cust233@email.com
234,CUST0000000234,Sarah,Johnson,cust234@email.com
235,CUST0000000235,David,Rodriguez,cust235@email.com
236,CUST0000000236,David,Miller,cust236@email.com
237,CUST0000000237,Sarah,Miller,cust237@email.com
238,CUST0000000238,David,Rodriguez,cust238@email.com
239,CUST0000000239,Michael,Brown,cust239@email.com
240,CUST0000000240,Robert,Miller,cust240@email.com
241,CUST0000000241,Michael,Martinez,cust241@email.com
242,CUST0000000242,Mary,Jones,cust242@email.com
243,CUST0000000243,Robert,Rodriguez,cust243@email.com
244,CUST0000000244,John,Jones,cust244@email.com
245,CUST0000000245,David,Brown,cust245@email.com
246,CUST0000000246,Robert,Martinez,cust246@email.com
247,CUST0000000247,Mary,Garcia,cust247@email.com
248,CUST0000000248,Lisa,Davis,cust248@email.com
249,CUST0000000249,Lisa,Brown,cust249@email.com
250,CUST0000000250,William,Davis,cust250@email.com
251,CUST0000000251,Michael,Johnson,cust251@email.com
252,CUST0000000252,David,Rodriguez,cust252@email.com
253,CUST0000000253,Mary,Garcia,cust253@email.com
254,CUST0000000254,Jane,Brown,cust254@email.com
255,CUST0000000255,David,Brown,cust255@email.com
256,CUST0000000256,Emily,Williams,cust256@email.com
257,CUST0000000257,John,Smith,cust257@email.com
258,CUST0000000258,Emily,Davis,cust258@email.com
259,CUST0000000259,Mary,Johnson,cust259@email.com
260,CUST0000000260,Lisa,Miller,cust260@email.com
261,CUST0000000261,Mary,Brown,cust261@email.com
262,CUST0000000262,Robert,Davis,cust262@email.com
263,CUST0000000263,Robert,Brown,cust263@email.com
264,CUST0000000264,Michael,Smith,cust264@email.com
265,CUST0000000265,Jane,Miller,cust265@email.com
266,CUST0000000266,Emily,Williams,cust266@email.com
267,CUST0000000267,William,Davis,cust267@email.com
268,CUST0000000268,John,Rodriguez,cust268@email.com
269,CUST0000000269,Emily,Johnson,cust269@email.com
270,CUST0000000270,Lisa,Williams,cust270@email.com
271,CUST0000000271,Lisa,Rodriguez,cust271@email.com
272,CUST0000000272,William,Martinez,cust272@email.com
273,CUST0000000273,Sarah,Davis,cust273@email.com
274,CUST0000000274,Mary,Rodriguez,cust274@email.com
275,CUST0000000275,Robert,Rodriguez,cust275@email.com
276,CUST0000000276,Lisa,Williams,cust276@email.com
277,CUST0000000277,Lisa,Davis,cust277@email.com
278,CUST0000000278,David,Brown,cust278@email.com
279,CUST0000000279,David,Rodriguez,cust279@email.com
280,CUST0000000280,Lisa,Brown,cust280@email.com
281,CUST0000000281,David,Davis,cust281@email.com
282,CUST0000000282,Jane,Jones,cust282@email.com
283,CUST0000000283,Emily,Jones,cust283@email.com
284,CUST0000000284,Sarah,Garcia,cust284@email.com
285,CUST0000000285,William,Johnson,cust285@email.com
286,CUST0000000286,Michael,Williams,cust286@email.com
287,CUST0000000287,Emily,Miller,cust287@email.com
288,CUST0000000288,Michael,Brown,cust288@email.com
289,CUST0000000289,Jane,Miller,cust289@email.com
290,CUST0000000290,Robert,Garcia,cust290@email.com
291,CUST0000000291,William,Davis,cust291@email.com
292,CUST0000000292,Robert,Smith,cust292@email.com
293,CUST0000000293,Emily,Miller,cust293@email.com
294,CUST0000000294,Robert,Martinez,cust294@email.com
295,CUST0000000295,John,Martinez,cust295@email.com
296,CUST0000000296,Robert,Davis,cust296@email.com
297,CUST0000000297,John,Garcia,cust297@email.com
298,CUST0000000298,David,Miller,cust298@email.com
299,CUST0000000299,Robert,Rodriguez,cust299@email.com
300,CUST0000000300,William,Martinez,cust300@email.com
301,CUST0000000301,Emily,Davis,cust301@email.com
302,CUST0000000302,Emily,Jones,cust302@email.com
303,CUST0000000303,Robert,Davis,cust303@email.com
304,CUST0000000304,John,Miller,cust304@email.com
305,CUST0000000305,Sarah,Miller,cust305@email.com
306,CUST0000000306,Michael,Davis,cust306@email.com
307,CUST0000000307,Michael,Martinez,cust307@email.com
308,CUST0000000308,William,Smith,cust308@email.com
309,CUST0000000309,Robert,Martinez,cust309@email.com
310,CUST0000000310,Mary,Smith,cust310@email.com
311,CUST0000000311,Jane,Miller,cust311@email.com
312,CUST0000000312,Michael,Davis,cust312@email.com
313,CUST0000000313,Michael,Smith,cust313@email.com
314,CUST0000000314,David,Miller,cust314@email.com
315,CUST0000000315,Sarah,Brown,cust315@email.com
316,CUST0000000316,Lisa,Garcia,cust316@email.com
317,CUST0000000317,Sarah,Miller,cust317@email.com
318,CUST0000000318,David,Miller,cust318@email.com
319,CUST0000000319,David,Johnson,cust319@email.com
320,CUST0000000320,Lisa,Smith,cust320@email.com
321,CUST0000000321,William,Smith,cust321@email.com
322,CUST0000000322,Sarah,Brown,cust322@email.com
323,CUST0000000323,Jane,Smith,cust323@email.com
324,CUST0000000324,John,Brown,cust324@email.com
325,CUST0000000325,Emily,Smith,cust325@email.com
326,CUST0000000326,Mary,Williams,cust326@email.com
327,CUST0000000327,Emily,Williams,cust327@email.com
328,CUST0000000328,Lisa,Johnson,cust328@email.com
329,CUST0000000329,Mary,Brown,cust329@email.com
330,CUST0000000330,Lisa,Jones,cust330@email.com
331,CUST0000000331,Sarah,Williams,cust331@email.com
332,CUST0000000332,Mary,Martinez,cust332@email.com
333,CUST0000000333,Jane,Williams,cust333@email.com
334,CUST0000000334,David,Johnson,cust334@email.com
335,CUST0000000335,Mary,Smith,cust335@email.com
336,CUST0000000336,David,Martinez,cust336@email.com
337,CUST0000000337,Robert,Miller,cust337@email.com
338,CUST0000000338,Emily,Johnson,cust338@email.com
339,CUST0000000339,Mary,Brown,cust339@email.com
340,CUST0000000340,Jane,Jones,cust340@email.com
341,CUST0000000341,Mary,Johnson,cust341@email.com
342,CUST0000000342,Mary,Smith,cust342@email.com
343,CUST0000000343,Sarah,Rodriguez,cust343@email.com
344,CUST0000000344,Robert,Garcia,cust344@email.com
345,CUST0000000345,Jane,Rodriguez,cust345@email.com
346,CUST0000000346,Sarah,Smith,cust346@email.com
347,CUST0000000347,Robert,Davis,cust347@email.com
348,CUST0000000348,Jane,Miller,cust348@email.com
349,CUST0000000349,Sarah,Davis,cust349@email.com
350,CUST0000000350,Michael,Miller,cust350@email.com
351,CUST0000000351,Michael,Rodriguez,cust351@email.com
352,CUST0000000352,David,Martinez,cust352@email.com
353,CUST0000000353,William,Davis,cust353@email.com
354,CUST0000000354,Lisa,Miller,cust354@email.com
355,CUST0000000355,Mary,Jones,cust355@email.com
356,CUST0000000356,Sarah,Brown,cust356@email.com
357,CUST0000000357,Jane,Jones,cust357@email.com
358,CUST0000000358,Lisa,Brown,cust358@email.com
359,CUST0000000359,Lisa,Martinez,cust359@email.com
360,CUST0000000360,Mary,Miller,cust360@email.com
361,CUST0000000361,Sarah,Smith,cust361@email.com
362,CUST0000000362,Lisa,Garcia,cust362@email.com
363,CUST0000000363,Michael,Davis,cust363@email.com
364,CUST0000000364,Emily,Garcia,cust364@email.com
365,CUST0000000365,David,Garcia,cust365@email.com
366,CUST0000000366,David,Martinez,cust366@email.com
367,CUST0000000367,David,Rodriguez,cust367@email.com
368,CUST0000000368,John,Rodriguez,cust368@email.com
369,CUST0000000369,Emily,Johnson,cust369@email.com
370,CUST0000000370,Emily,Miller,cust370@email.com
371,CUST0000000371,Lisa,Rodriguez,cust371@email.com
372,CUST0000000372,Emily,Davis,cust372@email.com
373,CUST0000000373,Lisa,Davis,cust373@email.com
374,CUST0000000374,John,Johnson,cust374@email.com
375,CUST0000000375,David,Brown,cust375@email.com
376,CUST0000000376,Robert,Brown,cust376@email.com
377,CUST0000000377,David,Martinez,cust377@email.com
378,CUST0000000378,Sarah,Davis,cust378@email.com
379,CUST0000000379,William,Rodriguez,cust379@email.com
380,CUST0000000380,Sarah,Miller,cust380@email.com
381,CUST0000000381,William,Garcia,cust381@email.com
382,CUST0000000382,Sarah,Davis,cust382@email.com
383,CUST0000000383,David,Jones,cust383@email.com
384,CUST0000000384,David,Brown,cust384@email.com
385,CUST0000000385,Jane,Brown,cust385@email.com
386,CUST0000000386,Sarah,Johnson,cust386@email.com
387,CUST0000000387,William,Williams,cust387@email.com
388,CUST0000000388,Emily,Brown,cust388@email.com
389,CUST0000000389,Lisa,Jones,cust389@email.com
390,CUST0000000390,Mary,Rodriguez,cust390@email.com
391,CUST0000000391,Mary,Jones,cust391@email.com
392,CUST0000000392,Jane,Brown,cust392@email.com
393,CUST0000000393,David,Brown,cust393@email.com
394,CUST0000000394,Sarah,Williams,cust394@email.com
395,CUST0000000395,David,Smith,cust395@email.com
396,CUST0000000396,William,Williams,cust396@email.com
397,CUST0000000397,David,Smith,cust397@email.com
398,CUST0000000398,John,Rodriguez,cust398@email.com
399,CUST0000000399,David,Williams,cust399@email.com
400,CUST0000000400,Lisa,Johnson,cust400@email.com
401,CUST0000000401,John,Martinez,cust401@email.com
402,CUST0000000402,David,Davis,cust402@email.com
403,CUST0000000403,Lisa,Davis,cust403@email.com
404,CUST0000000404,Sarah,Williams,cust404@email.com
405,CUST0000000405,John,Jones,cust405@email.com
406,CUST0000000406,Lisa,Johnson,cust406@email.com
407,CUST0000000407,Jane,Miller,cust407@email.com
408,CUST0000000408,Lisa,Johnson,cust408@email.com
409,CUST0000000409,Mary,Smith,cust409@email.com
410,CUST0000000410,Michael,Williams,cust410@email.com
411,CUST0000000411,Mary,Jones,cust411@email.com
412,CUST0000000412,Jane,Brown,cust412@email.com
413,CUST0000000413,Jane,Rodriguez,cust413@email.com
414,CUST0000000414,Robert,Martinez,cust414@email.com
415,CUST0000000415,Mary,Martinez,cust415@email.com
416,CUST0000000416,Emily,Rodriguez,cust416@email.com
417,CUST0000000417,Robert,Davis,cust417@email.com
418,CUST0000000418,Lisa,Jones,cust418@email.com
419,CUST0000000419,Mary,Miller,cust419@email.com
420,CUST0000000420,David,Martinez,cust420@email.com
421,CUST0000000421,Mary,Smith,cust421@email.com
422,CUST0000000422,Mary,Johnson,cust422@email.com
423,CUST0000000423,Emily,Brown,cust423@email.com
424,CUST0000000424,David,Johnson,cust424@email.com
425,CUST0000000425,Michael,Brown,cust425@email.com
426,CUST0000000426,Michael,Rodriguez,cust426@email.com
427,CUST0000000427,Jane,Williams,cust427@email.com
428,CUST0000000428,John,Miller,cust428@email.com
429,CUST0000000429,Lisa,Martinez,cust429@email.com
430,CUST0000000430,Lisa,Jones,cust430@email.com
431,CUST0000000431,John,Brown,cust431@email.com
432,CUST0000000432,David,Jones,cust432@email.com
433,CUST0000000433,Lisa,Johnson,cust433@email.com
434,CUST0000000434,Emily,Jones,cust434@email.com
435,CUST0000000435,Mary,Brown,cust435@email.com
436,CUST0000000436,Robert,Johnson,cust436@email.com
437,CUST0000000437,William,Brown,cust437@email.com
438,CUST0000000438,Michael,Jones,cust438@email.com
439,CUST0000000439,Michael,Johnson,cust439@email.com
440,CUST0000000440,John,Williams,cust440@email.com
441,CUST0000000441,David,Martinez,cust441@email.com
442,CUST0000000442,Mary,Jones,cust442@email.com
443,CUST0000000443,Lisa,Johnson,cust443@email.com
444,CUST0000000444,Lisa,Jones,cust444@email.com
445,CUST0000000445,Robert,Jones,cust445@email.com
446,CUST0000000446,William,Rodriguez,cust446@email.com
447,CUST0000000447,Lisa,Davis,cust447@email.com
448,CUST0000000448,Jane,Martinez,cust448@email.com
449,CUST0000000449,John,Miller,cust449@email.com
450,CUST0000000450,Sarah,Martinez,cust450@email.com
451,CUST0000000451,David,Smith,cust451@email.com
452,CUST0000000452,Jane,Brown,cust452@email.com
453,CUST0000000453,Mary,Martinez,cust453@email.com
454,CUST0000000454,John,Jones,cust454@email.com
455,CUST0000000455,Mary,Smith,cust455@email.com
456,CUST0000000456,Michael,Davis,cust456@email.com
457,CUST0000000457,William,Davis,cust457@email.com
458,CUST0000000458,David,Williams,cust458@email.com
459,CUST0000000459,Mary,Miller,cust459@email.com
460,CUST0000000460,Lisa,Johnson,cust460@email.com
461,CUST0000000461,Lisa,Garcia,cust461@email.com
462,CUST0000000462,Robert,Garcia,cust462@email.com
463,CUST0000000463,Sarah,Johnson,cust463@email.com
464,CUST0000000464,Michael,Garcia,cust464@email.com
465,CUST0000000465,Robert,Davis,cust465@email.com
466,CUST0000000466,David,Miller,cust466@email.com
467,CUST0000000467,William,Smith,cust467@email.com
468,CUST0000000468,Lisa,Johnson,cust468@email.com
469,CUST0000000469,Sarah,Jones,cust469@email.com
470,CUST0000000470,Sarah,Johnson,cust470@email.com
471,CUST0000000471,Robert,Rodriguez,cust471@email.com
472,CUST0000000472,John,Rodriguez,cust472@email.com
473,CUST0000000473,Lisa,Miller,cust473@email.com
474,CUST0000000474,John,Brown,cust474@email.com
475,CUST0000000475,William,Garcia,cust475@email.com
476,CUST0000000476,Mary,Davis,cust476@email.com
477,CUST0000000477,Lisa,Smith,cust477@email.com
478,CUST0000000478,Emily,Jones,cust478@email.com
479,CUST0000000479,William,Williams,cust479@email.com
480,CUST0000000480,David,Davis,cust480@email.com
481,CUST0000000481,Lisa,Johnson,cust481@email.com
482,CUST0000000482,John,Martinez,cust482@email.com
483,CUST0000000483,Emily,Williams,cust483@email.com
484,CUST0000000484,David,Rodriguez,cust484@email.com
485,CUST0000000485,John,Rodriguez,cust485@email.com
486,CUST0000000486,Robert,Johnson,cust486@email.com
487,CUST0000000487,Emily,Johnson,cust487@email.com
488,CUST0000000488,Lisa,Johnson,cust488@email.com
489,CUST0000000489,Michael,Davis,cust489@email.com
490,CUST0000000490,David,Rodriguez,cust490@email.com
491,CUST0000000491,David,Miller,cust491@email.com
492,CUST0000000492,Lisa,Davis,cust492@email.com
493,CUST0000000493,Emily,Davis,cust493@email.com
494,CUST0000000494,William,Williams,cust494@email.com
495,CUST0000000495,Robert,Brown,cust495@email.com
496,CUST0000000496,Mary,Rodriguez,cust496@email.com
497,CUST0000000497,Michael,Johnson,cust497@email.com
498,CUST0000000498,David,Miller,cust498@email.com
499,CUST0000000499,Sarah,Rodriguez,cust499@email.com
500,CUST0000000500,David,Smith,cust500@email.com
